firm,ticker,quarter_end,revenue_ltm,growth_yoy,op_margin_ltm,market_cap,net_debt,ev,ev_rev,log_ev_rev,priced_at,priced_at_filing,log_ev_rev_qend,log_rev,active_contributors,top_author_share,contributor_gini,bus_factor_50,churn_gini,release_cadence,merge_share,commit_volume,secret_incidence,repo_health_index_z,repo_health_index_pca
cloudera,CLDR,2018-01-31,370757000.0,,-1.0526921946180383,1516933890.0,-43247000.0,1473686890.0,3.9748053037434223,1.3799757667163925,2018-04-04,1,1.731032597542462,19.731057419451414,63,0.1538,0.653,8,0.7527,7,0.0,1138,0.0,-0.28513199544743184,-1.574091961226097
cloudera,CLDR,2018-04-30,393591000.0,,-0.5548246784098214,2519928040.0,-52970000.0,2466958040.0,6.267821266238303,1.835428808809335,2018-06-06,1,1.6440151235452518,19.790822857027287,66,0.1572,0.6463,8,0.742,9,0.0,1196,0.0,-0.24999737472972744,-1.6188195479126815
cloudera,CLDR,2018-07-31,414101000.0,,-0.4504673980502341,2655701950.0,-52970000.0,2602731950.0,6.285258789522363,1.8382070169339504,2018-09-06,1,1.5393155465457522,19.841620463388512,59,0.1589,0.6262,7,0.7146,9,0.0,1290,0.0,-0.21236377249718047,-1.8784098371897358
cloudera,CLDR,2018-10-31,437715000.0,,-0.35707937813417406,1945086070.0,-64632000.0,1880454070.0,4.296069520121541,1.457700539599264,2018-12-06,1,1.515619714806443,19.897078571621897,62,0.1404,0.6468,7,0.7227,8,0.0,1311,0.0,-0.18583461506841356,-1.7011767061687706
cloudera,CLDR,2019-01-31,476495000.0,0.2851948850594863,-0.4146654214629744,1748387040.0,-158672000.0,1589715040.0,3.336268040588044,1.2048528291668756,2019-03-29,1,1.433867062575918,19.981967787824043,60,0.1597,0.6735,6,0.7249,8,0.0,1290,0.0,-0.2733032016147695,-1.9128511543511004
cloudera,CLDR,2019-04-30,560504000.0,0.4240772781897959,-0.4476649586800451,2387897600.0,-107362000.0,2280535600.0,4.068723149165751,1.403329227669588,2019-06-05,1,1.6480288291104204,20.144346936936305,64,0.1568,0.6778,6,0.7124,8,0.0,1250,0.0,-0.21426296391446983,-1.9165394907409243
cloudera,CLDR,2019-07-31,646877000.0,0.5621237330989299,-0.4732970873906477,1977032470.0,-88075000.0,1888957470.0,2.920118461469491,1.071624184453692,2019-09-04,1,0.8749391688424338,20.28766672620067,71,0.139,0.6815,7,0.7331,6,0.0,1173,0.0,-0.1907196026237483,-1.5787223571524494
cloudera,CLDR,2019-10-31,726986000.0,0.6608660886649989,-0.4983342182655512,3016588800.0,-113203000.0,2903385800.0,3.9937300030537037,1.384725632071067,2019-12-06,1,1.1244135997881193,20.404417778090913,67,0.1496,0.6626,7,0.7476,6,0.0,1083,0.0,-0.2730319629472227,-1.6117546670030647
cloudera,CLDR,2020-01-31,794191000.0,0.6667352228250034,-0.4277988544317425,2192829320.0,-107638000.0,2085191320.0,2.625553953645911,0.9652919037402442,2020-03-27,1,1.253423757005602,20.49283454443907,74,0.1542,0.6771,7,0.9922,4,0.0,1018,0.0,-1.0521724802533696,-0.5244086422399481
cloudera,CLDR,2020-04-30,817183000.0,0.45794320825542734,-0.35709014994193466,2911588980.0,-160925000.0,2750663980.0,3.3660318190662313,1.2137345488036226,2020-06-05,1,1.0278647479900354,20.521373617950292,70,0.1577,0.6341,8,0.9912,5,0.0,951,0.0,-1.0419058522679097,-0.5059395216078649
cloudera,CLDR,2020-07-31,834808000.0,0.2905204544295128,-0.2865868558997997,3340463280.0,-143171000.0,3197292280.0,3.8299732153980317,1.3428578097994408,2020-09-04,1,1.3475028818572277,20.542712316255088,63,0.182,0.6369,7,0.9918,5,0.0,835,0.0,-1.1460653494382327,-0.7830173744267499
cloudera,CLDR,2020-10-31,854415000.0,0.17528398070939466,-0.19792138480714874,3750115850.0,-96114000.0,3654001850.0,4.2766124775431145,1.453161219000698,2020-12-04,1,1.201538073668086,20.565927582195872,60,0.1492,0.6219,7,0.9906,3,0.0,784,0.0,-1.0744463966214572,-0.6053914112679656
cloudera,CLDR,2021-01-31,869258000.0,0.09452008395965206,-0.17976826212700947,3590936140.0,188417000.0,3779353140.0,4.347792185979307,1.4696681728037837,2021-03-25,1,1.710381514400101,20.583150532146103,58,0.149,0.61,7,0.8265,3,0.0,745,0.0,-0.5523533737199824,-1.3365695810341989
cloudera,CLDR,2021-04-30,883081000.0,0.08064044406210114,-0.1519792635103688,4633754400.0,317075000.0,4950829400.0,5.60631403008331,1.723893467956325,2021-06-04,1,1.5179419706352368,20.598927487090375,58,0.1294,0.6226,7,0.8459,2,0.0,657,0.0,-0.5688427579842389,-1.1280601758016058
cloudera,CLDR,2021-07-31,904802000.0,0.08384442889862109,-0.14426250163019091,4674610710.0,351198000.0,5025808710.0,5.554595049524647,1.7146255220589766,2021-09-02,1,1.711116090233057,20.623226693196987,54,0.1004,0.579,8,0.8517,8,0.0,568,0.0,-0.5072199593537723,-0.8823134963340254
confluent,CFLT,2022-03-31,436975000.0,,-0.9290188225871046,7709165919.25,34048000.0,7743213919.25,17.72003871903427,2.8746961302216283,2022-05-05,1,3.2458064001169693,19.895386543185424,216,0.0623,0.667,17,0.7206,24,0.0,1075,0.0,0.414654550125176,-0.0817932720828258
confluent,CFLT,2022-06-30,488044000.0,,-0.8958618485218546,7997719365.24,552916000.0,8550635365.24,17.520214089795182,2.863355305170753,2022-08-03,1,2.65719949718304,20.005916123687324,210,0.0601,0.6515,16,0.7199,23,0.0,981,0.0,0.4043113569669911,-0.12068324356227103
confluent,CFLT,2022-09-30,537206000.0,,-0.8588306906475356,6223621779.2,580135000.0,6803756779.2,12.665079651381406,2.5388485725283276,2022-11-02,1,2.5932853663539612,20.101892191575555,222,0.0624,0.6553,15,0.7394,33,0.0,946,0.0,0.333471720272426,-0.059501561468217
confluent,CFLT,2022-12-31,585944000.0,,-0.7896215337984517,6831159907.2300005,648719000.0,7479878907.2300005,12.765518389521866,2.546747660093854,2023-02-28,1,2.4628162435330756,20.188734779834906,225,0.0589,0.6697,15,0.7433,31,0.0,1069,0.0,0.33165666680376227,-0.013536800804966123
confluent,CFLT,2023-03-31,634107000.0,0.4511287831111619,-0.8157692629161956,5825624901.0,741979000.0,6567603901.0,10.357248699352002,2.3376866320008793,2023-05-03,1,2.505443310329764,20.267728267877583,209,0.0507,0.6778,16,0.7414,31,0.0,1105,0.0,0.3562668838138475,0.03005622741280422
confluent,CFLT,2023-06-30,683985000.0,0.4014822434042833,-0.7592944289713955,9146625350.94,773746000.0,9920371350.94,14.503784952798673,2.6744096465913,2023-08-02,1,2.79442240547236,20.3434465455218,206,0.0548,0.6856,16,0.7242,33,0.0,1187,0.0,0.3992703251804272,-0.07820860258195823
confluent,CFLT,2023-09-30,732434000.0,0.36341366254286056,-0.695049656351289,8380098930.559999,770307000.0,9150405930.56,12.493147410633586,2.5251802868384625,2023-11-01,1,2.572239209479355,20.411883792406954,216,0.0576,0.6889,17,0.7302,22,0.0,1302,0.0,0.3947819959816622,-0.010222730917712284
confluent,CFLT,2023-12-31,776952000.0,0.32598337042447745,-0.6162195347975165,9797701526.46,738552000.0,10536253526.46,13.561009594492322,2.607198733611813,2024-02-21,1,2.303364142080588,20.470889130361925,227,0.055,0.6716,21,0.7419,23,0.0,1474,0.0,0.4162692214254872,0.20683816387251672
confluent,CFLT,2024-03-31,819887000.0,0.2929789451937923,-0.5171822458460739,8744274527.23,752893000.0,9497167527.23,11.583507882464291,2.4495823522188784,2024-05-07,1,2.534838197769483,20.52467708384856,241,0.0581,0.6698,21,0.7532,28,0.0,1565,0.0,0.3839395149056125,0.2669632500184599
confluent,CFLT,2024-06-30,865588000.0,0.2655072845164732,-0.4771461711576408,7926570787.68,778891000.0,8705461787.68,10.057281047888834,2.3082968545714113,2024-07-31,1,2.460269192042149,20.57891960274413,264,0.047,0.6682,25,0.7802,23,0.0,1874,0.0,0.3766355618353338,0.6047787104103669
confluent,CFLT,2024-09-30,915606000.0,0.25008669723142285,-0.4347317514302003,7366952281.86,768577000.0,8135529281.86,8.885404073214898,2.1844099387058753,2024-10-30,1,2.0728233083280205,20.63509669910116,277,0.0419,0.6852,24,0.7829,22,0.0,2124,0.0,0.3804350970874014,0.6489790717860631
confluent,CFLT,2024-12-31,963642000.0,0.2402851141383251,-0.4349613238111249,11245907755.039999,706169000.0,11952076755.039999,12.403025973380155,2.5179404729517896,2025-02-18,1,2.309725078208166,20.68623041430556,284,0.0507,0.7111,20,0.7787,30,0.0,2448,0.0,0.34009618043683104,0.4797085379909666
confluent,CFLT,2025-03-31,1017525000.0,0.24105516979778918,-0.40193017370580575,7994348026.62,814533000.0,8808881026.619999,8.657164223601384,2.1583872120896768,2025-04-30,1,2.1441840460837875,20.740639045003757,280,0.058,0.7366,17,0.7893,26,0.0,2844,0.0,0.2526662750550286,0.3770230569471181
confluent,CFLT,2025-06-30,1064824000.0,0.23017417062158896,-0.37289073123821403,8936166254.4,798460000.0,9734626254.4,9.142004927011412,2.2128797188518066,2025-07-30,1,2.160412422967995,20.786075364235195,254,0.0613,0.7485,15,0.7888,27,0.0,2789,0.0,0.20252000794704986,0.2313644525913464
confluent,CFLT,2025-09-30,1113149000.0,0.21575109817978477,-0.34740362700770516,7531168855.679999,796482000.0,8327650855.679999,7.4811645661811665,2.012388470533783,2025-10-27,1,1.9143514236380645,20.8304587726966,250,0.0633,0.7347,17,0.7873,30,0.0,2543,0.0,0.22529670175737043,0.2770745703808248
confluent,CFLT,2025-12-31,1166748000.0,0.2107691445578337,-0.3257790028352309,10489338000.0,748778000.0,11238116000.0,9.631999369186834,2.265090823075063,2026-02-11,1,2.2567965954533133,20.877486228629454,236,0.055,0.7152,18,0.8018,22,0.0,2183,0.0,0.19898975452113815,0.3969305381584788
couchbase,BASE,2022-04-30,130440000.0,,-0.4686982520699172,697616400.0,-47672000.0,649944400.0,4.982707758356333,1.6059734698484032,2022-06-10,1,1.687047544398162,18.68642390888539,24,0.2789,0.7357,3,0.7644,13,0.0889,1800,0.0,-0.9704185298583334,-3.2971086658451774
couchbase,BASE,2022-07-31,140532000.0,,-0.44388466683744626,693560400.0,-46338000.0,647222400.0,4.605516181367944,1.5272547549277553,2022-09-09,1,1.5015101488312335,18.760945778812275,23,0.2538,0.7168,3,0.7585,13,0.0956,1789,0.0,-0.9003589640552259,-3.1849868354383166
couchbase,BASE,2022-10-31,148265000.0,,-0.42815903955754897,646083120.0,-38781000.0,607302120.0,4.096058543823559,1.4100251805607373,2022-12-12,1,1.2782853024407332,18.814511771162163,24,0.2447,0.7207,3,0.7528,14,0.1019,1786,0.0,-0.8529667845347625,-3.1314266715399994
couchbase,BASE,2023-01-31,154824000.0,,-0.4477019066811347,616716990.0,-40446000.0,576270990.0,3.7221037436056426,1.3142890309121178,2023-03-29,1,1.3905767130066011,18.857799545862324,24,0.2817,0.7088,3,0.7374,17,0.1434,1736,0.0,-0.8901152683862679,-3.4325212032459316
couchbase,BASE,2023-04-30,160967000.0,0.23403097209444956,-0.45263936086278556,732571140.0,-46240000.0,686331140.0,4.263800282045388,1.450160847597134,2023-06-07,1,1.4078664584744087,18.896709932995634,21,0.2985,0.6699,3,0.739,17,0.1808,1648,0.0,-0.9588401521230331,-3.5971250966861024
couchbase,BASE,2023-07-31,164315000.0,0.1692354766174251,-0.4838024526062745,912740200.0,-41437000.0,871303200.0,5.302639442534157,1.6682047046185475,2023-09-07,1,1.4927097396828637,18.91729587524924,23,0.3014,0.7063,3,0.7172,28,0.2014,1440,0.0,-0.8790189106043597,-3.666019195659092
couchbase,BASE,2023-10-31,171571000.0,0.15719151519239194,-0.46887877321925037,910650759.9999999,-46907000.0,863743759.9999999,5.034322583653414,1.6162789756400444,2023-12-07,1,1.3772697843706312,18.960507733067423,21,0.2513,0.6804,3,0.729,28,0.2361,1381,0.0,-0.8160761788087256,-3.342266522315192
couchbase,BASE,2024-01-31,180037000.0,0.16284942902909116,-0.4695534806734171,1225606500.0,-41351000.0,1184255500.0,6.577845109616357,1.883707200760594,2024-03-26,1,1.8438863187727073,19.008672943286392,25,0.2437,0.7172,3,0.7479,33,0.2179,1276,0.0,-0.8274304053491093,-3.1264152067631614
couchbase,BASE,2024-04-30,190368000.0,0.1826523448905677,-0.44410825348798116,916597080.0,-51975000.0,864622080.0,4.541845688350984,1.5133334687229094,2024-06-06,1,1.7984775857997992,19.06446959896977,26,0.2918,0.7488,3,0.7595,32,0.1992,1285,0.0,-0.9703018760890207,-3.3606961186330544
couchbase,BASE,2024-07-31,198818000.0,0.20998082950430574,-0.4211037230029474,810007100.0000001,-62607000.0,747400100.0000001,3.759217475278899,1.3242108174653007,2024-09-05,1,1.513178876528239,19.10790039134751,26,0.3167,0.7606,3,0.7691,23,0.1806,1279,0.0,-1.0595288544317543,-3.4762916429684436
couchbase,BASE,2024-10-31,204633000.0,0.19270156378408942,-0.41740579476428535,838038289.9999999,-33031000.0,805007289.9999999,3.9339074831527654,1.3696332024439588,2024-12-04,1,1.342760273855386,19.136728688798495,32,0.3599,0.801,2,0.7638,31,0.1534,1128,0.0,-1.1682921078381725,-3.848221249830392
couchbase,BASE,2025-01-31,209466000.0,0.16346084415981155,-0.3755024681809936,745534300.0,-30536000.0,714998300.0,3.413433683748198,1.227718730046699,2025-03-25,1,1.4350233701830168,19.160071992986378,30,0.3782,0.8101,2,0.7446,28,0.1329,1166,0.0,-1.1612427349071917,-4.079599683535413
couchbase,BASE,2025-04-30,214662000.0,0.1276159858799799,-0.34919082091846715,1026228850.0,-28046000.0,998182850.0,4.650021196112959,1.536871777892738,2025-06-04,1,1.453406946878821,19.184575256033785,29,0.3733,0.8052,2,0.7397,32,0.1433,1200,0.0,-1.1402086094674553,-4.086740373100761
couchbase,BASE,2025-07-31,220639000.0,0.10975364403625432,-0.35947407303332596,1324281400.0,-44110000.0,1280171400.0,5.802108421448611,1.758221372434061,2025-09-04,1,1.750573456107525,19.212038439729234,24,0.3633,0.7686,2,0.7464,37,0.1539,1280,0.0,-1.1728683327852198,-4.087504370912306
elastic,ESTC,2019-07-31,304719000.0,,-0.4110114564566043,6997854562.5,-315152000.0,6682702562.5,21.930705215296715,3.087887719473023,2019-09-10,1,3.094345270917025,19.534900598428003,338,0.0609,0.8242,17,0.7678,36,0.0231,6754,0.0,0.3505843719171753,0.36088201769616757
elastic,ESTC,2019-10-31,342250000.0,,-0.43866764061358654,4736770076.772366,-305246000.0,4431524076.772366,12.948207675010565,2.5609573750928143,2019-12-09,1,2.7516856626612936,19.65105202213283,355,0.0553,0.8306,16,0.758,36,0.0118,6708,0.0,0.39206344329507975,0.34316681566540674
elastic,ESTC,2020-01-31,384596000.0,,-0.43842369655430635,4003804913.6544647,-294076000.0,3709728913.6544647,9.645781322880282,2.266520651151395,2020-03-09,1,2.513281619178225,19.76770399064885,359,0.0628,0.8284,16,0.7652,32,0.0096,6116,0.0,0.3534432837795688,0.33284359483547615
elastic,ESTC,2020-04-30,427620000.0,,-0.4001332959169356,7258243362.61554,-297081000.0,6961162362.61554,16.278851229165006,2.7898667947655835,2020-06-26,1,2.3754753871286507,19.873745508706108,359,0.0619,0.8304,16,0.7065,25,0.0085,6364,0.0,0.5444004015753254,0.08262932798458184
elastic,ESTC,2020-07-31,466780000.0,0.5318375290021298,-0.3391790565148464,8429313188.803482,-350418000.0,8078895188.803482,17.307714959517295,2.8511523535141374,2020-09-03,1,2.809125838989213,19.96136861255735,358,0.084,0.8292,16,0.7231,24,0.0089,6537,0.0,0.4386868323266423,0.013833491793133215
elastic,ESTC,2020-10-31,510568000.0,0.4917983929875822,-0.26398442518920107,12064773697.183868,-348986000.0,11715787697.183868,22.946576552357115,3.133168755547694,2020-12-07,1,2.7883423892831547,20.051034389440705,338,0.0622,0.8225,18,0.7321,24,0.0083,6413,0.0,0.47415774007268574,0.23052626521281508
elastic,ESTC,2021-01-31,554502000.0,0.44177786560442645,-0.22898925522360605,10661874522.754578,-393134000.0,10268740522.754578,18.518852092065632,2.9187892452271753,2021-03-03,1,3.132892733604693,20.133580971601212,313,0.0582,0.8172,18,0.7269,23,0.0057,6611,0.0,0.4857484382835717,0.19398698608323905
elastic,ESTC,2021-04-30,608489000.0,0.4229666526355176,-0.212786098023136,12975542930.763153,-400814000.0,12574728930.763153,20.665499180368343,3.0284656035087902,2021-06-25,1,2.8111029280267537,20.226489392989347,274,0.0784,0.8153,15,0.7238,24,0.0063,6494,0.0,0.3858729308956971,-0.12153187212389013
elastic,ESTC,2021-07-31,672714000.0,0.44117999914306516,-0.19472316615976476,15640123785.2641,-425500000.0,15214623785.2641,22.616778876705553,3.1186920589875893,2021-09-01,1,2.967349220589102,20.3268308344338,250,0.1025,0.8085,15,0.7116,26,0.004,5978,0.0,0.3513574848244029,-0.3737896831377864
elastic,ESTC,2021-10-31,733800000.0,0.43722285768007385,-0.1904428999727446,10734844965.273804,-310014000.0,10424830965.273804,14.206638001190793,2.6537093202521413,2021-12-09,1,3.056886433374024,20.413747069885456,257,0.0898,0.8021,16,0.7102,26,0.0018,6103,0.0,0.4040217042431157,-0.2479639958440419
elastic,ESTC,2022-01-31,800629000.0,0.44387035574263023,-0.1887703293285654,6635988677.069054,-298092000.0,6337896677.069054,7.916146775933739,2.068904569247775,2022-03-10,1,2.2922086234365726,20.500908226699593,258,0.0736,0.7936,16,0.7181,35,0.0019,5790,0.0,0.41729624751604816,-0.10911052442482763
elastic,ESTC,2022-04-30,862374000.0,0.4172384381640424,-0.20139753749533265,7179807678.558884,-294429000.0,6885378678.558884,7.984214132799555,2.077466358889932,2022-06-21,1,2.0579213598368793,20.57519960924153,264,0.0596,0.7805,18,0.7452,38,0.0017,5284,0.0,0.3914563623002894,0.17818055627482984
elastic,ESTC,2022-07-31,919360000.0,0.36664317971678906,-0.22111795161851722,7734350172.966957,-281989000.0,7452361172.966957,8.106031557786892,2.092608421337805,2022-08-29,1,2.068839037879555,20.6391883337552,264,0.0641,0.7705,19,0.7489,38,0.0023,5289,0.0,0.3801714682403743,0.19763787277933528
elastic,ESTC,2022-10-31,977781000.0,0.3324897792313981,-0.22002882035956928,5320856504.766632,-289211000.0,5031645504.766632,5.14598412606364,1.6382166291411608,2022-12-02,1,1.5763225849628633,20.700796276543468,265,0.0682,0.7674,18,0.7719,38,0.0139,4807,0.0,0.28612087240876677,0.24212646895455128
elastic,ESTC,2023-01-31,1028403000.0,0.2844938167365909,-0.2320471643898355,6094263513.921532,-310400000.0,5783863513.921532,5.624121588444931,1.7270647738416862,2023-03-03,1,1.682750712648431,20.751272950504614,278,0.072,0.7833,18,0.7608,32,0.02,5044,0.0,0.321966163301714,0.19410012940382168
elastic,ESTC,2023-04-30,1068989000.0,0.23958862396129743,-0.20502736697945442,6355504284.73114,-76624000.0,6278880284.73114,5.873662203007833,1.7704783239740092,2023-06-16,1,1.6204093438727534,20.78997917894573,283,0.0811,0.7886,19,0.7547,27,0.0245,5339,0.0,0.33479611225172634,0.15082766976083783
elastic,ESTC,2023-07-31,1112661000.0,0.21025604768534634,-0.17505601436556148,7274155650.445045,-62759000.0,7211396650.445045,6.481216336732433,1.868908199035432,2023-09-01,1,1.7109229631445497,20.830020280634994,291,0.0871,0.7905,19,0.7399,24,0.0257,5709,0.0,0.3736140012258321,0.06256858509122071
elastic,ESTC,2023-10-31,1158872000.0,0.1852060942071896,-0.14435502799273778,10855550994.37828,-21613000.0,10833937994.37828,9.348692516842481,2.235236495751525,2023-12-01,1,1.8131335941665931,20.870712955170564,287,0.1055,0.7926,18,0.7425,26,0.0182,6608,0.0,0.3083619971428425,-0.08127568147527406
elastic,ESTC,2024-01-31,1212263000.0,0.1787820533390121,-0.10257345147051423,11595598773.798752,41448000.0,11637046773.798752,9.599440693808813,2.261704835714967,2024-03-01,1,2.3243370244684196,20.915754697752824,282,0.109,0.7873,18,0.7467,29,0.0143,7248,0.0,0.283331749812182,-0.09404985558222492
elastic,ESTC,2024-04-30,1267321000.0,0.18553231137083737,-0.10250126053304569,11377606685.989616,28215000.0,11405821685.989616,8.999946884798419,2.1972186756297396,2024-06-14,1,2.1198684010792697,20.96017106057704,271,0.1024,0.768,20,0.7512,34,0.0111,7589,0.0,0.298589218801575,0.009045883971410415
elastic,ESTC,2024-07-31,1320988000.0,0.18723312850904272,-0.09651336726753006,7793051352.367859,-25984000.0,7767067352.367859,5.879741036533154,1.7715127195347582,2024-08-30,1,2.065280181207256,21.001645778418087,277,0.1024,0.7639,21,0.7574,35,0.0099,8260,0.0,0.2928993114230328,0.07605296223227209
elastic,ESTC,2024-10-31,1375737000.0,0.1871345584326829,-0.08023335855617753,11248283328.398956,-89343000.0,11158940328.398956,8.111245338606839,2.0932514122706087,2024-11-25,1,1.7873255278928954,21.042255424468255,287,0.0918,0.7634,23,0.7629,32,0.0164,8302,0.0,0.3256705197981514,0.2390342129484703
elastic,ESTC,2025-01-31,1429863000.0,0.17949900310411193,-0.06197376951498151,12008676241.949982,-14565000.0,11994111241.949982,8.388294012748062,2.126837164016709,2025-02-28,1,2.093771647598664,21.080844472432908,307,0.0664,0.7655,24,0.7691,31,0.0299,8506,0.1176,-0.07602142483053287,0.8105315293416535
elastic,ESTC,2025-04-30,1483296000.0,0.17041854431513404,-0.03702699933121912,8229702617.289917,-157814000.0,8071888617.289917,5.441859626999545,1.694120845651223,2025-06-10,1,1.7384566679169087,21.11753247560039,296,0.0587,0.7562,24,0.7716,38,0.0351,8641,0.1157,-0.06543339027157721,0.8462886968705603
elastic,ESTC,2025-07-31,1551164000.0,0.1742453375806594,-0.019678125588267908,9013117169.044006,-92322000.0,8920795169.044006,5.751032881786843,1.7493794702925354,2025-08-29,1,1.6820725304574924,21.162271453784317,317,0.044,0.7495,26,0.7782,43,0.0369,8045,0.1243,-0.05638329976463243,1.0743346582588802
elastic,ESTC,2025-10-31,1609284000.0,0.16976137154121762,-0.021334953929822206,7495524486.02066,-230280000.0,7265244486.02066,4.5145819420442015,1.5073125894577328,2025-11-24,1,1.7489975240331317,21.1990551965284,337,0.034,0.7345,30,0.7702,59,0.0319,8183,0.1222,0.04266774356403724,1.2136789829509027
elastic,ESTC,2026-01-31,1677082000.0,0.172896983836913,-0.01734262248357564,5502937782.017967,-166639000.0,5336298782.017967,3.1818949711570257,1.157476922192036,2026-02-27,1,1.4000248118663072,21.240321215431667,324,0.0324,0.7143,31,0.7852,64,0.0169,7859,0.0,0.47860416187458343,0.9518838171695447
elastic,ESTC,2026-04-30,1739331000.0,0.17261220956572387,-0.019246480399647912,6356993643.270874,-197830000.0,6159163643.270874,3.5411107162873967,1.2644404395958926,2026-06-08,1,1.0403212167680487,21.276766393481783,349,0.0268,0.7088,35,0.8242,61,0.0084,8933,0.0,0.40592464223409097,1.268178874691338
gitlab,GTLB,2022-07-31,333044000.0,,-0.5442914449742376,7974951679.999999,-410757000.0,7564194679.999999,22.712298314937364,3.1229065537681624,2022-09-07,1,3.184068716252623,19.623785171348167,1249,0.019,0.8197,59,0.8618,0,0.4659,46339,0.0,0.6555240548534755,2.448679388399495
gitlab,GTLB,2022-10-31,379225000.0,,-0.5424062232184059,6200713400.0,-372169000.0,5828544400.0,15.369620673742501,2.7323928775935498,2022-12-06,1,2.885194414032928,19.75364025444201,1317,0.0174,0.8195,62,0.8486,0,0.4658,48285,0.0,0.7223912642816731,2.4585606762297596
gitlab,GTLB,2023-01-31,424336000.0,,-0.498216036348554,4898915070.0,-295402000.0,4603513070.0,10.848745027525357,2.384049407630814,2023-03-30,1,2.808466744868905,19.86603615220146,1349,0.017,0.813,67,0.8485,0,0.4708,50730,0.0,0.744814444416056,2.5202381801104647
gitlab,GTLB,2023-04-30,463807000.0,,-0.4889339746920594,7044576480.0,-315933000.0,6728643480.0,14.507421147158192,2.674660321752204,2023-06-06,1,2.224442045303641,19.954979075384188,1319,0.0164,0.8084,69,0.8478,0,0.4814,53161,0.0,0.7505237635867708,2.527452715304636
gitlab,GTLB,2023-07-31,502347000.0,0.5083502480152773,-0.4290380951812194,7632623170.0,-273225000.0,7359398170.0,14.650029103388693,2.6844423220405362,2023-09-06,1,2.6769454899427227,20.034801673922846,1308,0.0166,0.806,71,0.8444,0,0.491,54976,0.0,0.7655389805719988,2.52454236596142
gitlab,GTLB,2023-10-31,539034000.0,0.4214094534906718,-0.36886541479758234,9055200960.0,-285309000.0,8769891960.0,16.26964525428823,2.7893011173231894,2023-12-05,1,2.4677446152475286,20.10528920666119,1290,0.0162,0.8046,72,0.8534,0,0.4987,54921,0.0,0.7379005238057313,2.567775441954034
gitlab,GTLB,2024-01-31,579906000.0,0.3666198484220051,-0.32322479850182617,9115039640.0,-287996000.0,8827043640.0,15.221507692626046,2.7227094074897153,2024-03-26,1,2.9135493279072704,20.178376579404627,1269,0.0164,0.8037,74,0.8515,0,0.5027,54617,0.0,0.746320000874373,2.566590672429497
gitlab,GTLB,2024-04-30,622215000.0,0.3415386141218222,-0.2938646609291001,7077525750.0,-420322000.0,6657203750.0,10.699201642519064,2.3701691258354978,2024-06-04,1,2.5385659651441923,20.248796250141076,1314,0.0165,0.8036,78,0.8477,0,0.5022,53554,0.0,0.7762139440461437,2.5993865664814626
gitlab,GTLB,2024-07-31,665218000.0,0.3242201107999052,-0.2552471520614295,8640182550.0,-438616000.0,8201566550.0,12.329141048498387,2.5119656512053035,2024-09-04,1,2.4495840189939844,20.31562536444791,1348,0.0152,0.8032,82,0.8487,0,0.5048,54615,0.0,0.7916268391997658,2.6556196047080753
gitlab,GTLB,2024-10-31,711597000.0,0.3201337948997651,-0.2224011624557158,10734005640.0,-176632000.0,10557373640.0,14.836169404873827,2.6970680780626815,2024-12-06,1,2.469695095817556,20.383022297895465,1384,0.0147,0.8001,85,0.8656,0,0.506,57203,0.0,0.7511436415187175,2.767920920463942
gitlab,GTLB,2025-01-31,759249000.0,0.30926219076884864,-0.18796863742988137,8181551000.0,-227649000.0,7953902000.0,10.476012480754008,2.349088118011118,2025-03-21,1,2.713952352975203,20.44784034480003,1415,0.0125,0.7988,89,0.8758,0,0.5046,57808,0.0173,0.6694787661762354,2.9134829332417267
gitlab,GTLB,2025-04-30,804571000.0,0.29307554462685736,-0.15372788728403086,7133974670.0,-255719000.0,6878255670.0,8.548972893629028,2.145811146332441,2025-06-11,1,2.2217701189705683,20.505819774076244,1473,0.0127,0.8029,91,0.8729,0,0.506,60863,0.0164,0.6942693049777502,2.9312342266163567
gitlab,GTLB,2025-07-31,857947000.0,0.2897230682272578,-0.11775902241047524,7181026180.0,-261371000.0,6919655180.0,8.065364387310638,2.0875788918721674,2025-09-04,1,2.0959017375631177,20.570052883982523,1477,0.012,0.7977,94,0.8691,0,0.5046,60703,0.0165,0.7152375013297221,2.940637214438532
gitlab,GTLB,2025-10-31,906253000.0,0.27354808971932143,-0.09341210456682626,6278455950.0,-224231000.0,6054224950.0,6.680501967993485,1.8991931296345215,2025-12-03,1,2.1610579760043467,20.62482907447251,1441,0.0121,0.7926,93,0.8444,0,0.503,61696,0.0162,0.7886745513328485,2.8123345486251177
gitlab,GTLB,2026-01-31,955224000.0,0.2581169023600953,-0.07378478765190154,3816200960.0,-229576000.0,3586624960.0,3.754747535656558,1.3230210487764338,2026-03-17,1,1.7694342403862746,20.67745642591511,1388,0.014,0.7848,94,0.8257,0,0.5029,63099,0.0158,0.8411680371890027,2.7051075834312504
gitlab,GTLB,2026-04-30,1004873000.0,0.24895503317917256,-0.0513696755709428,5407745360.0,-335395000.0,5072350360.0,5.047752661281575,1.6189431266695586,2026-06-02,1,1.2268981103849153,20.72812700231312,1386,0.0124,0.7828,96,0.8495,0,0.5001,65334,0.0153,0.7745769853797368,2.829775364299756
hashicorp,HCP,2022-10-31,436624000.0,,-1.0573491150280332,4946513280.0,-1274901000.0,3671612280.0,8.409094048884166,2.129313745100759,2022-12-07,1,2.313455003125014,19.89458297079377,166,0.222,0.813,3,0.7389,41,0.2147,1500,0.0,-0.395331523664864,-2.0776389556433292
hashicorp,HCP,2023-01-31,475889000.0,,-0.6246981964281587,5190209100.0,-1286134000.0,3904075100.0,8.203751505077864,2.1045915502679593,2023-03-27,1,2.2901925606838436,19.980695191724603,159,0.2273,0.8097,3,0.7543,38,0.2146,1333,0.0,-0.4654051843252338,-2.065904884363355
hashicorp,HCP,2023-04-30,512975000.0,,-0.5588089088162191,6634324620.000001,-966791000.0,5667533620.000001,11.048362239875239,2.4022822033930917,2023-06-07,1,2.0903275050526453,20.055737669004085,165,0.2238,0.7849,4,0.7834,42,0.209,1220,0.0,-0.49529076219412504,-1.7598317090861626
hashicorp,HCP,2023-07-31,542358000.0,,-0.5358674528632379,5590642680.0,-830018000.0,4760624680.0,8.777642590318571,2.1722078739092563,2023-08-31,1,2.190168310504,20.111436857964,150,0.1774,0.7808,5,0.7925,41,0.1941,1195,0.0,-0.3941121335095864,-1.3622137425661491
hashicorp,HCP,2023-10-31,563142000.0,0.2897641906995492,-0.4774408586111496,4798055700.0,-729826000.0,4068229700.0,7.2241631773158455,1.9774314040815906,2023-12-07,1,1.6940423498472212,20.149042374550454,140,0.1705,0.8137,4,0.836,45,0.1886,1320,0.0,-0.5705479924350966,-1.2769382370300855
hashicorp,HCP,2024-01-31,583137000.0,0.22536347761767983,-0.43605190546989814,5254595750.0,-763414000.0,4491181750.0,7.701760906956684,2.0414489919293994,2024-03-21,1,1.7845247928988974,20.18393270813228,131,0.217,0.8283,4,0.8639,53,0.1695,1392,0.0,-0.7817530155739483,-1.4830531927515835
hashicorp,HCP,2024-04-30,605733000.0,0.18082362688240172,-0.41962382766004164,6712449149.999999,-594738000.0,6117711149.999999,10.099682781027283,2.312504015534897,2024-05-30,1,2.2762058889564756,20.2219498528841,118,0.2421,0.8396,4,0.847,53,0.1579,1640,0.0,-0.8058320491836863,-1.768442731297103
hashicorp,HCP,2024-07-31,627625000.0,0.15721534484602429,-0.34237323242381995,6793191599.999999,-797224000.0,5995967599.999999,9.55342378012348,2.2568996012506175,2024-08-29,1,2.255222218863184,20.257453412319144,106,0.2221,0.8316,4,0.8683,59,0.1628,1585,0.0,-0.8476310842375361,-1.6034598791959211
hashicorp,HCP,2024-10-31,654889000.0,0.16291983194292037,-0.28889017833556524,6787744680.000001,-923627000.0,5864117680.000001,8.95436887777929,2.1921415559524764,2024-12-05,1,2.200026714391442,20.299976313589745,106,0.1775,0.8199,4,0.8606,57,0.1631,1606,0.0,-0.7183585637656291,-1.3550146202826114
hortonworks,HDP,2015-09-30,99169000.0,,-2.213524387661467,687145063.8000001,-25090000.0,662055063.8000001,6.676028434288942,1.898523264971007,2015-11-12,1,2.214432211353296,18.412336023416803,49,0.0836,0.5844,9,0.7791,25,0.002,5612,0.0,-0.22941456894126108,-1.0760290978428946
hortonworks,HDP,2015-12-31,121944000.0,,-1.4727497867873778,459171266.4,-35748000.0,423423266.4,3.4722763432395194,1.244810385577699,2016-03-15,1,2.0130832236177976,18.619072480923816,56,0.0858,0.6329,9,0.7801,26,0.0016,5479,0.0,-0.212967218224735,-1.0185975125340818
hortonworks,HDP,2016-03-31,140513000.0,,-1.4548048934973987,541503123.2,-38511000.0,502992123.20000005,3.57968389544028,1.275274499151117,2016-05-09,1,1.3643509047590903,18.760810569148134,66,0.0908,0.648,10,0.745,26,0.0064,5274,0.0,-0.06040024259055117,-1.0615464026686885
hortonworks,HDP,2016-06-30,153465000.0,,-1.4764213338546248,509409963.3,-37816000.0,471593963.3,3.0729740546704463,1.1226458401157793,2016-08-09,1,1.271163892470596,18.848983085963287,73,0.0925,0.6185,11,0.7561,26,0.0067,4921,0.0,-0.062335717077057894,-0.919192401504962
hortonworks,HDP,2016-09-30,167937000.0,0.6934425072351238,-1.4679254720520194,468780305.9,-35830000.0,432950305.9,2.578051923638031,0.9470340453684849,2016-11-08,1,0.9470340453684849,18.93909946703745,80,0.0898,0.63,12,0.7593,18,0.0084,4978,0.0,-0.03176513503891536,-0.792369558066613
hortonworks,HDP,2016-12-31,184461000.0,0.512669750049203,-1.3616753676928999,555441780.57,-53332000.0,502109780.57000005,2.7220376153766925,1.0013807231553549,2017-03-15,1,0.8276276483794563,19.032948616986687,82,0.0824,0.6211,13,0.7683,17,0.0214,4623,0.0,-0.0226336002442701,-0.6479557140929731
hortonworks,HDP,2017-03-31,199090000.0,0.41687957697864264,-1.2068813099603195,750220885.7900001,-60933000.0,689287885.7900001,3.4621924043899748,1.2419020312900175,2017-05-09,1,1.0084949598249284,19.10926754175598,89,0.0657,0.6339,13,0.8028,17,0.0202,4794,0.0,-0.07916015314382208,-0.3505621958705731
hortonworks,HDP,2017-06-30,217285000.0,0.4158602938780829,-1.0605840255885128,958257146.8199999,-55458000.0,902799146.8199999,4.1549078252985705,1.4242902440176766,2017-08-08,1,1.2775880186321327,19.19672041385187,85,0.0588,0.6085,14,0.8253,18,0.0339,4102,0.0,-0.1289768441613085,-0.18933545188527778
hortonworks,HDP,2017-09-30,238763000.0,0.42174148639072984,-0.8805384418858868,1163503949.3999999,-53877000.0,1109626949.3999999,4.647399091986614,1.536307728056415,2017-11-07,1,1.4749457411553173,19.290981986104534,85,0.0577,0.603,14,0.8322,14,0.0411,3694,0.0,-0.14859801433131212,-0.15229911505016083
hortonworks,HDP,2017-12-31,261810000.0,0.4193244100378941,-0.759516443222184,1351681375.38,-62739000.0,1288942375.38,4.923197644780567,1.5939582471935383,2018-03-15,1,1.5804827115753066,19.383129607807604,90,0.0579,0.6214,14,0.8425,16,0.0326,3405,0.0,-0.17149907266254732,-0.07977082602309822
hortonworks,HDP,2018-03-31,284900000.0,0.4310111005073083,-0.6503088803088803,1374240865.4,-64756000.0,1309484865.4,4.596296473850474,1.525250864836069,2018-05-09,1,1.6517847883686438,19.467648799468137,117,0.0764,0.6892,12,0.8291,12,0.069,2683,0.0,-0.1536610802032268,-0.21100737501638014
hortonworks,HDP,2018-06-30,309411000.0,0.42398692960857853,-0.5585548025118693,1613420875.2,-47634000.0,1565786875.2,5.060540430689278,1.6214732820802282,2018-08-09,1,1.488211517243061,19.55018104815387,116,0.0938,0.7074,10,0.8141,10,0.0707,2601,0.0,-0.1841388458366101,-0.4942812220529653
hortonworks,HDP,2018-09-30,327584000.0,0.37200487512721825,-0.48957519292761553,1457448121.92,-55322000.0,1402126121.92,4.280203312493895,1.4540005113846117,2018-11-08,1,1.675887673354714,19.607255068701633,111,0.11,0.7196,9,0.7709,11,0.0822,2410,0.0,-0.1121284580018271,-0.8664302422249088
mongodb,MDB,2018-07-31,207788000.0,,-0.5349635205112904,4059706818.6654053,87782000.0,4147488818.6654053,19.96019413375847,2.993739996976223,2018-09-07,1,2.6790376152931645,19.152028887127475,161,0.0657,0.6568,21,0.8699,87,0.0002,4478,0.0,-0.0853341214989211,0.5224957058316191
mongodb,MDB,2018-10-31,238082000.0,,-0.4879117278920708,4338206542.87249,74202000.0,4412408542.87249,18.533146323000018,2.919560822051907,2018-12-06,1,2.8637130665143933,19.288125710111352,151,0.0586,0.6339,22,0.8184,86,0.0002,4366,0.0,0.09459082615261308,0.33784394673441437
mongodb,MDB,2019-01-31,267016000.0,,-0.36613910776882286,7059013483.916382,69027000.0,7128040483.916382,26.695181127409526,3.284483066997853,2019-04-01,1,2.9078583869370656,19.40281913966272,151,0.0698,0.6361,21,0.8971,86,0.0002,4688,0.0,-0.19451688666441844,0.5825780255966715
mongodb,MDB,2019-04-30,306265000.0,,-0.3234257913898095,9299185564.405579,62019000.0,9361204564.405579,30.565701482068075,3.4198785137184937,2019-06-07,1,3.1872714810272944,19.539961298215587,150,0.0637,0.6157,22,0.8802,83,0.0002,4534,0.0,-0.11743067028812912,0.5716411077289628
mongodb,MDB,2019-07-31,346022000.0,0.6652645966080812,-0.3067955216720324,7760940344.817505,36672000.0,7797612344.817505,22.535019001154566,3.1150704993263947,2019-09-05,1,3.116131505436799,19.662012914815662,178,0.0665,0.6539,23,0.8726,85,0.0002,4619,0.0,-0.05805756142669545,0.6341335858170639
mongodb,MDB,2019-10-31,383681000.0,0.6115498021690007,-0.3018601390217394,7139658354.055054,75383000.0,7215041354.055054,18.804791881941128,2.934111724694939,2019-12-10,1,2.9321833188602326,19.76532203613864,195,0.0847,0.6393,24,0.8769,85,0.0002,4818,0.0,-0.08846559780425108,0.6094726261666146
mongodb,MDB,2020-01-31,421720000.0,0.5793810108757527,-0.3506260077776724,7390105551.662476,204883000.0,7594988551.662476,18.00955266921767,2.8909023209681086,2020-03-27,1,3.101337583535557,19.859852144673024,193,0.0759,0.5933,28,0.8294,84,0.0002,4838,0.0,0.11532554261137133,0.5447560995181493
mongodb,MDB,2020-04-30,462661000.0,0.5106558046136516,-0.34437525531652763,11413452515.21466,222453000.0,11635905515.21466,25.14995972259313,3.224856295057115,2020-06-05,1,2.9911771917168264,19.95250516244929,212,0.0722,0.6142,29,0.8331,85,0.0002,5290,0.0,0.1371671003175917,0.6530520088293958
mongodb,MDB,2020-07-31,501574000.0,0.4495436706336591,-0.34179801983356395,12447113824.744766,465800000.0,12912913824.744766,25.744783072377686,3.2482320074528053,2020-09-03,1,3.3116500479225914,20.03326171180877,217,0.0638,0.6229,28,0.8414,86,0.0,5490,0.0,0.12716361870365925,0.733207077930385
mongodb,MDB,2020-10-31,542904000.0,0.4149879717786391,-0.351469136348231,19882017140.0,532890000.0,20414907140.0,37.60316214284662,3.6270881464034734,2020-12-09,1,3.242209385326597,20.11244306668792,219,0.0563,0.617,29,0.853,91,0.0,5770,0.0,0.1165247611357755,0.8568756157757842
mongodb,MDB,2021-01-31,590380000.0,0.39993360523570143,-0.3545242047494834,15676337557.055786,508032000.0,16184369557.055786,27.41347870364136,3.31103481592989,2021-03-22,1,3.631993886035174,20.196276955338,210,0.0592,0.6218,28,0.8508,88,0.0,5796,0.0,0.10151813839997328,0.7865890491927612
mongodb,MDB,2021-04-30,641699000.0,0.38697448023498837,-0.3564132093084141,19345493026.76056,785433000.0,20130926026.76056,31.371290942888425,3.445893173504041,2021-06-04,1,3.3900768451720493,20.279629904358924,204,0.0576,0.6059,29,0.861,94,0.0,5933,0.0,0.07436505018551984,0.8474313743610684
mongodb,MDB,2021-07-31,702165000.0,0.3999230422629563,-0.3581223786431964,31668115424.50699,-24299000.0,31643816424.50699,45.0660691212279,3.8081296157084994,2021-09-03,1,3.4615920758609073,20.36967897710691,207,0.0652,0.6171,28,0.8891,102,0.0,6385,0.0,-0.03847061222347019,0.9082998849534578
mongodb,MDB,2021-10-31,778287000.0,0.4335628398390876,-0.3470930389432176,32368237033.70813,387544000.0,32755781033.70813,42.087020641110705,3.739739394843732,2021-12-08,1,3.765788222142136,20.472605908719324,212,0.0666,0.6102,30,0.8843,96,0.0,6593,0.0,-0.007295623782379468,0.9319869305419255
mongodb,MDB,2022-01-31,873782000.0,0.48003319895660423,-0.3311626927540279,25702543433.261475,662617000.0,26365160433.261475,30.17361359385004,3.406967820405285,2022-03-18,1,3.420201353247993,20.58834147458987,223,0.0659,0.6093,30,0.8891,109,0.0,6935,0.2884,-1.1466693747597387,1.7782497598943978
mongodb,MDB,2022-04-30,977581000.0,0.5234260922956091,-0.31082641745287604,18492677221.858154,681086000.0,19173763221.858154,19.613477780212744,2.9762169717667333,2022-06-03,1,3.22996932397181,20.700591710840854,233,0.0634,0.5978,33,0.8951,121,0.0,7124,0.2807,-1.101433378197068,1.8785463458633382
mongodb,MDB,2022-07-31,1082494000.0,0.5416518909373154,-0.3197893013725711,16657449643.533325,486780000.0,17144229643.533325,15.83771332084365,2.762394014907369,2022-09-02,1,3.0000134893495836,20.802533475100386,275,0.0528,0.6312,34,0.8764,116,0.0,6835,0.2926,-1.0256953017517383,1.9992101639686894
mongodb,MDB,2022-10-31,1189222000.0,0.5279993113080392,-0.2962651212305188,13101508582.5,139368000.0,13240876582.5,11.134066290818703,2.410009443652223,2022-12-08,1,2.13651962968806,20.896565148748916,295,0.0471,0.6292,36,0.8569,127,0.0,6927,0.2887,-0.9089103934310124,2.009682856490599
mongodb,MDB,2023-01-31,1284040000.0,0.4695198573557249,-0.2699721192486215,15082434531.80159,684054000.0,15766488531.80159,12.278814158282911,2.507875351141039,2023-03-17,1,2.5174490132303124,20.973277194376923,304,0.0337,0.6241,38,0.8553,119,0.0,7220,0.0,0.2810540468100501,1.339371644023933
mongodb,MDB,2023-04-30,1366873000.0,0.39821968716658773,-0.24820301520331442,26407792017.041077,418940000.0,26826732017.041077,19.62635300941717,2.976873204447017,2023-06-02,1,2.535792634585985,21.035791486202648,308,0.0291,0.6023,42,0.8314,120,0.0,7527,0.0,0.3924387161310288,1.3314227907217138
mongodb,MDB,2023-07-31,1487004000.0,0.3736833645267319,-0.18387442131964676,27710447887.672485,534399000.0,28244846887.672485,18.99446597835143,2.9441476724434636,2023-09-01,1,2.965615802001269,21.120029194400637,331,0.0298,0.6117,45,0.8442,124,0.0,7862,0.0,0.3778943151733782,1.4612870002424752
mongodb,MDB,2023-10-31,1586321000.0,0.33391494607398786,-0.14859224583170746,27060574075.628357,664748000.0,27725322075.628357,17.477750137348213,2.8609286512654393,2023-12-07,1,2.756808239932504,21.184683335644458,333,0.0255,0.5984,49,0.8252,131,0.0,8025,0.0,0.46837894538674857,1.4603789280959654
mongodb,MDB,2024-01-31,1683011000.0,0.31071539827419703,-0.13887728600704333,25324738336.02771,340314000.0,25665052336.02771,15.24948579422696,2.7245457840735954,2024-03-15,1,2.926401239271983,21.243850288081433,376,0.0215,0.5933,55,0.8158,146,0.0,8121,0.0,0.5555945967834567,1.5768201106686726
mongodb,MDB,2024-04-30,1765292000.0,0.2914820908745728,-0.14919401436136345,17230052506.261414,328421000.0,17558473506.261414,9.946498089982514,2.2972205384657722,2024-05-31,1,2.720566779427297,21.29158195274162,392,0.0251,0.561,62,0.8507,148,0.0,8521,0.0,0.4683850354183637,1.8004312025869584
mongodb,MDB,2024-07-31,1819610000.0,0.22367525574914393,-0.15707102071322976,21306132747.04492,-145924000.0,21160208747.04492,11.628980246890775,2.453500279701739,2024-08-30,1,2.228925947648579,21.321888029358366,406,0.0222,0.5608,66,0.853,147,0.0,8237,0.0,0.4878069160861524,1.8848308160913783
mongodb,MDB,2024-10-31,1916047000.0,0.20785578706957808,-0.14011556083958274,19631224330.377197,-673054000.0,18958170330.377197,9.894418211232395,2.291970781088711,2024-12-10,1,2.3098696068829794,21.373530046465618,416,0.0331,0.588,61,0.863,138,0.0,8059,0.0,0.41781543871513305,1.8238571718142411
mongodb,MDB,2025-01-31,2006443000.0,0.19217462036790023,-0.1076850924745931,14354819391.987625,-490133000.0,13864686391.987625,6.910082365652862,1.93298155748464,2025-03-21,1,2.2937148384812676,21.419629339592685,373,0.0455,0.5796,57,0.8699,116,0.0,7983,0.0,0.3314351388359471,1.67857338540237
mongodb,MDB,2025-04-30,2104896000.0,0.19237837139691338,-0.08144440390404087,17844729305.6044,-657809000.0,17186920305.6044,8.165211157988043,2.099882587446026,2025-06-04,1,1.8401442707804845,21.46753189668446,343,0.0457,0.582,51,0.8314,98,0.0,7312,0.0,0.41522590487716543,1.3990620911388951
mongodb,MDB,2025-07-31,2218189000.0,0.2190463890613923,-0.07451393907372185,25660491539.367065,-647139000.0,25013352539.367065,11.276474880800087,2.4227186866609416,2025-08-27,1,2.0550958667055474,21.519956934146872,325,0.0439,0.5937,47,0.8102,95,0.0,7625,0.0,0.4600485534096138,1.2409524347585241
mongodb,MDB,2025-10-31,2317123000.0,0.2093247190700438,-0.06725322738585737,33279712087.514282,-834092000.0,32445620087.514282,14.002545435660638,2.639239129921484,2025-12-02,1,2.506048857235908,21.563592166874567,312,0.0337,0.5776,47,0.7831,100,0.0,8077,0.0,0.5634249908359893,1.1665019546555107
mongodb,MDB,2026-01-31,2463797000.0,0.2279426826478499,-0.055592242380358446,21164718460.0,-1083540000.0,20081178460.0,8.150500410545186,2.0980793254347585,2026-03-11,1,2.4685439918118615,21.624969492860107,320,0.0248,0.5854,49,0.7833,100,0.0,8465,0.0,0.5972989442693339,1.2618453409478794
mongodb,MDB,2026-04-30,2602399000.0,0.23635514533734692,-0.04158393851211901,26963957472.97351,-1036354000.0,25927603472.97351,9.962962433114027,2.2988744604156452,2026-05-29,1,2.0460075924971117,21.679699548862658,323,0.0231,0.5761,50,0.787,92,0.0,9506,0.0,0.5954500627594086,1.3057502334076376
