Date,Open,High,Low,Close,Volume
2018-10-01,70.0,74.19999694824219,66.16999816894531,70.0,7172900
2018-10-08,73.0,73.4000015258789,58.54999923706055,62.68000030517578,2762800
2018-10-15,63.0,70.66000366210938,59.38999938964844,64.45999908447266,1101800
2018-10-22,64.47000122070312,65.4800033569336,58.880001068115234,60.52000045776367,842900
2018-10-29,61.40999984741211,70.30000305175781,60.0099983215332,64.5199966430664,1297100
2018-11-05,65.0,76.80000305175781,61.630001068115234,71.4000015258789,1404400
2018-11-12,71.61000061035156,72.52999877929688,62.5,70.75,790000
2018-11-19,70.0,71.86000061035156,62.5,66.06999969482422,1009300
2018-11-26,67.25,71.79000091552734,65.41000366210938,71.44999694824219,614800
2018-12-03,74.08999633789062,83.83999633789062,67.51000213623047,69.12000274658203,3555000
2018-12-10,69.01000213623047,78.5,69.01000213623047,76.69000244140625,1137700
2018-12-17,77.62999725341797,77.62999725341797,62.0,62.529998779296875,3801500
2018-12-24,62.099998474121094,72.48999786376953,60.779998779296875,69.98999786376953,1053400
2018-12-31,70.98999786376953,71.95999908447266,63.040000915527344,67.80999755859375,1423400
2019-01-07,67.5999984741211,77.72000122070312,67.5999984741211,74.7699966430664,2136700
2019-01-14,73.7699966430664,75.95999908447266,71.20999908447266,75.08000183105469,1180500
2019-01-21,74.66999816894531,79.5999984741211,73.0199966430664,78.72000122070312,603600
2019-01-28,77.87000274658203,88.0,77.18000030517578,87.5999984741211,1335600
2019-02-04,88.27999877929688,92.0999984741211,81.5999984741211,87.0199966430664,1575600
2019-02-11,87.5199966430664,91.9000015258789,85.43000030517578,90.80000305175781,994800
2019-02-18,91.0,94.37000274658203,89.0999984741211,94.1500015258789,804400
2019-02-25,95.8499984741211,100.43000030517578,88.01000213623047,93.16000366210938,3240100
2019-03-04,94.12999725341797,94.12999725341797,82.1500015258789,84.37999725341797,6112600
2019-03-11,84.48999786376953,87.19000244140625,80.19999694824219,85.11000061035156,8712600
2019-03-18,85.0,91.0,84.19999694824219,88.31999969482422,5071000
2019-03-25,87.75,88.05999755859375,78.68000030517578,79.87000274658203,3757700
2019-04-01,81.0199966430664,86.5,80.13999938964844,81.0,4755500
2019-04-08,80.76000213623047,83.26000213623047,78.41000366210938,82.33999633789062,2776900
2019-04-15,82.66000366210938,83.30000305175781,80.91000366210938,82.5199966430664,2371000
2019-04-22,82.12000274658203,87.25,82.12000274658203,86.55000305175781,2469100
2019-04-29,86.58000183105469,86.80999755859375,82.58000183105469,86.0,2272100
2019-05-06,84.0,88.48999786376953,81.63999938964844,88.33999633789062,2254700
2019-05-13,85.0,87.08999633789062,81.38999938964844,83.1500015258789,3984700
2019-05-20,82.2699966430664,84.5,81.63999938964844,83.01000213623047,2935500
2019-05-27,83.19000244140625,84.5,81.13999938964844,82.05000305175781,3893600
2019-06-03,82.0199966430664,84.45999908447266,78.51000213623047,81.38999938964844,7192400
2019-06-10,81.3499984741211,83.30000305175781,73.94999694824219,74.47000122070312,9644600
2019-06-17,74.70999908447266,79.0999984741211,73.80999755859375,76.19999694824219,8966700
2019-06-24,76.12000274658203,76.48999786376953,72.44999694824219,74.66000366210938,10529100
2019-07-01,75.69999694824219,78.87999725341797,74.31999969482422,78.48999786376953,3555500
2019-07-08,78.0,93.4000015258789,77.4000015258789,93.26000213623047,8516900
2019-07-15,93.18000030517578,100.22000122070312,92.8499984741211,98.80999755859375,6876600
2019-07-22,99.4800033569336,104.0999984741211,95.51000213623047,102.58999633789062,4649500
2019-07-29,102.55000305175781,102.98999786376953,92.87999725341797,94.33000183105469,4701100
2019-08-05,90.87999725341797,91.45999908447266,86.29000091552734,86.5199966430664,4462600
2019-08-12,86.0,88.25,82.73999786376953,85.23999786376953,3317300
2019-08-19,86.5999984741211,87.5,79.33999633789062,80.44999694824219,4275000
2019-08-26,81.73999786376953,92.93000030517578,78.41000366210938,87.88999938964844,10972100
2019-09-02,83.66000366210938,89.94999694824219,80.48999786376953,88.79000091552734,10959200
2019-09-09,88.9000015258789,96.72000122070312,82.94999694824219,93.75,13676100
2019-09-16,92.52999877929688,96.69999694824219,89.37000274658203,94.2699966430664,7168800
2019-09-23,93.44999694824219,94.08999633789062,82.30000305175781,82.9000015258789,6944800
2019-09-30,82.44999694824219,85.79000091552734,77.51000213623047,85.70999908447266,5806800
2019-10-07,85.70999908447266,87.31999969482422,83.23999786376953,85.23999786376953,3007300
2019-10-14,84.7699966430664,86.47000122070312,69.9000015258789,71.22000122070312,7590800
2019-10-21,72.01000213623047,75.26000213623047,69.26000213623047,74.5999984741211,4790200
2019-10-28,75.04000091552734,76.08999633789062,71.55000305175781,74.37999725341797,4333900
2019-11-04,75.0,75.88999938964844,71.83000183105469,72.37999725341797,4397200
2019-11-11,71.69999694824219,74.54000091552734,70.05999755859375,74.25,10280600
2019-11-18,77.18000030517578,79.4800033569336,74.8499984741211,78.91000366210938,4405300
2019-11-25,79.27999877929688,80.38999938964844,78.41000366210938,79.41000366210938,2403400
2019-12-02,79.31999969482422,79.69999694824219,62.93000030517578,63.84000015258789,18769600
2019-12-09,63.06999969482422,63.54999923706055,60.099998474121094,62.15999984741211,10237800
2019-12-16,62.0,65.11000061035156,60.619998931884766,63.13999938964844,7437900
2019-12-23,63.5,65.7300033569336,63.15999984741211,65.0199966430664,2985300
2019-12-30,65.0199966430664,66.9800033569336,63.369998931884766,66.08000183105469,3018900
2020-01-06,65.0,70.72000122070312,64.91000366210938,69.22000122070312,8111100
2020-01-13,69.22000122070312,73.4800033569336,68.52999877929688,70.47000122070312,4833500
2020-01-20,70.1500015258789,71.81999969482422,66.19999694824219,66.38999938964844,2989900
2020-01-27,64.43000030517578,67.19000244140625,63.529998779296875,64.87999725341797,4331600
2020-02-03,65.1500015258789,71.33999633789062,64.81999969482422,69.5999984741211,6399300
2020-02-10,69.33999633789062,73.16999816894531,68.70999908447266,72.61000061035156,3808900
2020-02-17,72.45999908447266,74.9800033569336,71.16000366210938,72.77999877929688,2778300
2020-02-24,67.77999877929688,77.27999877929688,63.0,73.86000061035156,13429400
2020-03-02,72.8499984741211,73.44000244140625,63.43000030517578,64.13999938964844,10189900
2020-03-09,58.0099983215332,59.099998474121094,45.02000045776367,51.52000045776367,9153700
2020-03-16,46.25,54.7400016784668,39.0099983215332,49.959999084472656,10955200
2020-03-23,49.900001525878906,59.34000015258789,45.5099983215332,53.619998931884766,7394400
2020-03-30,53.790000915527344,58.939998626708984,46.27000045776367,47.38999938964844,8494100
2020-04-06,49.5,56.959999084472656,49.119998931884766,54.0,5471900
2020-04-13,54.0,61.529998779296875,51.52000045776367,61.369998931884766,7474600
2020-04-20,60.33000183105469,63.0,57.040000915527344,61.150001525878906,5219200
2020-04-27,62.0,65.58999633789062,60.400001525878906,62.13999938964844,3535600
2020-05-04,61.38999938964844,72.55000305175781,60.68000030517578,71.72000122070312,4875600
2020-05-11,71.44000244140625,73.4000015258789,66.80000305175781,70.6500015258789,4506400
2020-05-18,74.4000015258789,84.97000122070312,71.38999938964844,83.47000122070312,7724100
2020-05-25,86.0,87.16000366210938,77.23999786376953,85.91999816894531,9384200
2020-06-01,85.69999694824219,90.5999984741211,82.0,86.9000015258789,15693100
2020-06-08,83.30000305175781,84.2699966430664,78.0,83.48999786376953,9085900
2020-06-15,81.91000366210938,91.58999633789062,81.06999969482422,90.66999816894531,7470500
2020-06-22,91.12999725341797,95.19000244140625,89.81999969482422,92.11000061035156,7911700
2020-06-29,91.54000091552734,96.79000091552734,89.18000030517578,94.58000183105469,5048600
2020-07-06,95.95999908447266,99.55999755859375,93.0,95.2300033569336,4612100
2020-07-13,96.18000030517578,96.97000122070312,84.66999816894531,90.36000061035156,6419500
2020-07-20,91.01000213623047,95.7699966430664,88.22000122070312,88.81999969482422,3491700
2020-07-27,89.5199966430664,96.27999877929688,87.9000015258789,96.19000244140625,2530800
2020-08-03,97.0,99.16000366210938,83.91000366210938,85.3499984741211,4465600
2020-08-10,85.70999908447266,92.16000366210938,80.18000030517578,91.47000122070312,5481000
2020-08-17,92.30000305175781,109.55000305175781,91.38999938964844,105.94000244140625,6681900
2020-08-24,106.41000366210938,117.52999877929688,101.01000213623047,110.38999938964844,8607200
2020-08-31,109.87999725341797,112.9000015258789,94.02999877929688,100.13999938964844,6103900
2020-09-07,96.0,105.51000213623047,96.0,100.79000091552734,3497700
2020-09-14,102.23999786376953,107.26000213623047,99.87999725341797,103.19999694824219,6942500
2020-09-21,101.5,109.69999694824219,100.94000244140625,106.38999938964844,5193600
2020-09-28,108.0,113.36000061035156,106.51000213623047,110.86000061035156,4469400
2020-10-05,111.94999694824219,122.70999908447266,110.62999725341797,122.30000305175781,3786200
2020-10-12,123.66999816894531,127.9000015258789,118.16999816894531,120.4800033569336,5280600
2020-10-19,122.05000305175781,124.20999908447266,106.76000213623047,109.0,2998800
2020-10-26,108.12000274658203,109.56999969482422,100.5,101.41000366210938,5247800
2020-11-02,101.81999969482422,114.48999786376953,97.4800033569336,112.5,4044400
2020-11-09,108.0,112.2699966430664,98.1500015258789,102.27999877929688,4713600
2020-11-16,102.05000305175781,113.08000183105469,100.12999725341797,112.95999908447266,2990100
2020-11-23,113.26000213623047,122.1500015258789,112.0199966430664,119.41000366210938,2645600
2020-11-30,120.80000305175781,144.0800018310547,114.5,143.27999877929688,8320400
2020-12-07,139.97999572753906,147.0,135.72000122070312,141.47999572753906,5613400
2020-12-14,142.07000732421875,153.8800048828125,136.52999877929688,153.5500030517578,4969800
2020-12-21,151.80999755859375,159.9499969482422,150.1999969482422,155.99000549316406,2239200
2020-12-28,159.1300048828125,159.1300048828125,143.9600067138672,146.1300048828125,3612300
2021-01-04,146.99000549316406,155.44000244140625,136.08999633789062,152.14999389648438,4424200
2021-01-11,149.1999969482422,170.61000061035156,147.44000244140625,163.00999450683594,4072400
2021-01-18,165.13999938964844,176.49000549316406,165.13999938964844,169.0800018310547,2636300
2021-01-25,171.64999389648438,172.86000061035156,147.02000427246094,151.9600067138672,3220800
2021-02-01,153.4600067138672,167.4600067138672,150.72000122070312,166.8300018310547,4434600
2021-02-08,168.9499969482422,172.5399932861328,159.60000610351562,166.89999389648438,3234400
2021-02-15,168.8000030517578,170.0,153.6999969482422,162.6199951171875,2924300
2021-02-22,160.14999389648438,163.61000061035156,129.1999969482422,134.38999938964844,9802100
2021-03-01,136.39999389648438,145.97000122070312,114.13999938964844,123.55000305175781,8990300
2021-03-08,122.68000030517578,123.69999694824219,110.80000305175781,116.27999877929688,8214500
2021-03-15,115.9000015258789,122.47000122070312,109.55000305175781,111.58999633789062,4908600
2021-03-22,113.93000030517578,118.93000030517578,104.5,110.93000030517578,4993600
2021-03-29,110.27999877929688,117.26000213623047,102.31999969482422,114.52999877929688,5467000
2021-04-05,117.66000366210938,126.41000366210938,111.5,123.62000274658203,5849900
2021-04-12,121.4800033569336,136.97000122070312,121.4800033569336,128.4499969482422,4641400
2021-04-19,126.80000305175781,129.4199981689453,119.19999694824219,125.02999877929688,2488700
2021-04-26,125.73999786376953,129.49000549316406,119.62000274658203,120.62000274658203,3624600
2021-05-03,121.23999786376953,121.88999938964844,102.52999877929688,108.18000030517578,7241200
2021-05-10,105.94999694824219,110.3499984741211,97.88999938964844,109.62999725341797,6393800
2021-05-17,108.37000274658203,116.97000122070312,105.36000061035156,113.4800033569336,4418800
2021-05-24,114.97000122070312,121.48999786376953,113.66999816894531,118.20999908447266,4836500
2021-05-31,118.56999969482422,134.8300018310547,115.47000122070312,130.8699951171875,7929900
2021-06-07,128.52000427246094,137.13999938964844,127.0999984741211,136.6699981689453,4476000
2021-06-14,137.4600067138672,146.52000427246094,133.66000366210938,143.97000122070312,4028700
2021-06-21,144.30999755859375,149.3000030517578,140.64999389648438,148.7899932861328,3180000
2021-06-28,150.0,151.1699981689453,143.22000122070312,146.61000061035156,2628100
2021-07-05,147.6699981689453,153.1199951171875,144.2100067138672,150.33999633789062,2023100
2021-07-12,152.5,153.5,135.8699951171875,140.07000732421875,3684900
2021-07-19,136.7100067138672,149.24000549316406,134.67999267578125,149.07000732421875,3066100
2021-07-26,149.49000549316406,149.85000610351562,140.24000549316406,148.05999755859375,2375100
2021-08-02,148.05999755859375,159.0,143.92999267578125,155.5399932861328,3145300
2021-08-09,156.9199981689453,158.47000122070312,148.39999389648438,153.92999267578125,2997500
2021-08-16,153.5,158.10000610351562,145.77999877929688,155.61000061035156,3123000
2021-08-23,157.2100067138672,161.5800018310547,150.10000610351562,155.30999755859375,5524600
2021-08-30,155.16000366210938,172.89999389648438,153.0,171.49000549316406,4537300
2021-09-06,171.22999572753906,172.5,159.11000061035156,159.66000366210938,3786100
2021-09-13,159.0399932861328,166.63999938964844,154.7899932861328,164.08999633789062,3291900
2021-09-20,159.47000122070312,168.57000732421875,157.85000610351562,166.33999633789062,2452200
2021-09-27,164.25,165.67999267578125,147.6699981689453,151.05999755859375,4558500
2021-10-04,149.49000549316406,155.4199981689453,139.4600067138672,155.19000244140625,4879600
2021-10-11,154.60000610351562,177.74000549316406,152.6300048828125,171.8699951171875,4391100
2021-10-18,171.00999450683594,173.0399932861328,166.49000549316406,168.89999389648438,2845400
2021-10-25,170.0,181.99000549316406,164.66000366210938,173.50999450683594,4961200
2021-11-01,175.0,175.66000366210938,166.27999877929688,167.97000122070312,2836500
2021-11-08,168.52000427246094,185.13999938964844,168.0399932861328,182.67999267578125,5120500
2021-11-15,183.8699951171875,189.83999633789062,174.02000427246094,175.22000122070312,3916300
2021-11-22,175.57000732421875,177.16000366210938,147.6300048828125,153.82000732421875,5660500
2021-11-29,157.17999267578125,162.4600067138672,108.37000274658203,112.66999816894531,15106600
2021-12-06,109.76000213623047,130.67999267578125,106.0199966430664,117.05999755859375,10590400
2021-12-13,116.29000091552734,123.5,110.0,117.66000366210938,7153100
2021-12-20,114.56999969482422,125.98999786376953,112.30999755859375,123.9800033569336,3504600
2021-12-27,125.62999725341797,127.30000305175781,119.6500015258789,123.08999633789062,3648800
2022-01-03,122.83000183105469,124.25,103.02999877929688,108.22000122070312,5859000
2022-01-10,105.5,118.2300033569336,93.66000366210938,94.54000091552734,11139900
2022-01-17,92.0999984741211,94.69999694824219,81.52999877929688,82.12999725341797,11344600
2022-01-24,80.22000122070312,88.2300033569336,75.77999877929688,86.66999816894531,12040400
2022-01-31,87.5199966430664,95.44000244140625,84.38999938964844,89.2300033569336,6887000
2022-02-07,88.69000244140625,98.75,87.37999725341797,91.01000213623047,5044300
2022-02-14,89.94000244140625,93.47000122070312,79.81999969482422,80.98999786376953,5304300
2022-02-21,79.33999633789062,86.08999633789062,72.19999694824219,85.41000366210938,4841800
2022-02-28,86.20999908447266,90.11000061035156,79.05000305175781,79.6500015258789,9192900
2022-03-07,81.73999786376953,83.5999984741211,71.80000305175781,72.0199966430664,6366500
2022-03-14,71.58999633789062,86.16999816894531,66.38999938964844,85.80000305175781,9337000
2022-03-21,85.8499984741211,95.4800033569336,84.13999938964844,88.81999969482422,6407900
2022-03-28,89.22000122070312,94.12999725341797,86.4000015258789,92.26000213623047,5626700
2022-04-04,93.38999938964844,96.12000274658203,85.5999984741211,88.0,5241700
2022-04-11,86.54000091552734,94.45999908447266,84.19999694824219,90.0,5046300
2022-04-18,89.01000213623047,95.66999816894531,78.95999908447266,79.5,5086000
2022-04-25,80.08000183105469,83.69000244140625,75.94999694824219,76.13999938964844,4286700
2022-05-02,75.69999694824219,78.45999908447266,62.29999923706055,65.18000030517578,10466700
2022-05-09,63.45000076293945,65.0,50.7400016784668,63.91999816894531,11307300
2022-05-16,62.7400016784668,64.08000183105469,55.52000045776367,60.0,5864000
2022-05-23,59.349998474121094,64.68000030517578,54.560001373291016,64.6500015258789,5626200
2022-05-30,64.66000366210938,74.4800033569336,59.5099983215332,71.05999755859375,8113400
2022-06-06,72.41000366210938,79.9800033569336,69.37000274658203,70.44999694824219,8752000
2022-06-13,68.0999984741211,68.91000366210938,60.459999084472656,65.26000213623047,7696800
2022-06-20,65.6500015258789,77.91000366210938,65.36000061035156,77.58000183105469,7048000
2022-06-27,76.7699966430664,77.87999725341797,66.06999969482422,71.20999908447266,8206300
2022-07-04,70.55999755859375,81.58000183105469,69.5,78.88999938964844,4349500
2022-07-11,77.58000183105469,78.44000244140625,66.66000366210938,72.05999755859375,4514300
2022-07-18,73.81999969482422,82.91000366210938,72.16999816894531,76.37999725341797,4121400
2022-07-25,75.87999725341797,80.83999633789062,71.9800033569336,79.88999938964844,3580700
2022-08-01,78.63999938964844,88.51000213623047,77.0,86.62999725341797,4399500
2022-08-08,87.01000213623047,90.63999938964844,81.25,83.77999877929688,5224200
2022-08-15,83.18000030517578,85.66999816894531,76.38999938964844,79.97000122070312,3992800
2022-08-22,78.01000213623047,85.5,76.66999816894531,82.95999908447266,8199600
2022-08-29,81.0199966430664,88.5999984741211,78.0999984741211,81.73999786376953,7610200
2022-09-05,81.5999984741211,91.12999725341797,78.87999725341797,90.04000091552734,8367700
2022-09-12,90.36000061035156,91.30000305175781,80.5,81.87999725341797,6670800
2022-09-19,80.4800033569336,83.7300033569336,66.98999786376953,68.0999984741211,7713100
2022-09-26,68.0,74.20999908447266,66.95999908447266,71.73999786376953,4304900
2022-10-03,71.58000183105469,76.63999938964844,68.6500015258789,71.94999694824219,5966100
2022-10-10,72.19000244140625,72.19000244140625,59.459999084472656,61.5,7029700
2022-10-17,63.72999954223633,67.33999633789062,59.900001525878906,63.54999923706055,4739300
2022-10-24,64.02999877929688,68.41000366210938,60.560001373291016,64.06999969482422,6940900
2022-10-31,63.7599983215332,66.9000015258789,50.33000183105469,52.849998474121094,7460100
2022-11-07,52.93000030517578,67.87999725341797,50.560001373291016,66.80999755859375,9854500
2022-11-14,65.69000244140625,68.66999816894531,57.65999984741211,58.0099983215332,6018400
2022-11-21,57.02000045776367,59.66999816894531,55.209999084472656,58.880001068115234,2990900
2022-11-28,57.72999954223633,61.400001525878906,52.0,56.029998779296875,19695800
2022-12-05,55.27000045776367,56.220001220703125,50.41999816894531,53.47999954223633,6705400
2022-12-12,54.380001068115234,61.91999816894531,53.959999084472656,55.529998779296875,9713500
2022-12-19,55.34000015258789,55.52000045776367,50.279998779296875,51.439998626708984,5162000
2022-12-26,50.790000915527344,52.0,48.63999938964844,51.5,3496000
2023-01-02,52.7400016784668,53.470001220703125,46.18000030517578,47.939998626708984,5211700
2023-01-09,48.91999816894531,52.439998626708984,48.599998474121094,51.209999084472656,5466500
2023-01-16,50.86000061035156,55.15999984741211,49.02000045776367,55.119998931884766,5617900
2023-01-23,55.36000061035156,59.70000076293945,51.38999938964844,59.349998474121094,7566300
2023-01-30,58.18000030517578,67.05999755859375,56.45000076293945,61.29999923706055,10571700
2023-02-06,60.15999984741211,64.56999969482422,58.90999984741211,59.310001373291016,4550100
2023-02-13,60.04999923706055,64.2699966430664,58.869998931884766,60.400001525878906,4639200
2023-02-20,58.779998779296875,61.779998779296875,57.58000183105469,58.119998931884766,2689500
2023-02-27,58.70000076293945,67.0199966430664,56.400001525878906,63.93000030517578,8920500
2023-03-06,64.33999633789062,66.5,51.88999938964844,53.09000015258789,6585300
2023-03-13,52.40999984741211,56.91999816894531,50.209999084472656,54.900001525878906,5344300
2023-03-20,54.380001068115234,57.880001068115234,53.59000015258789,55.119998931884766,3091600
2023-03-27,55.75,58.380001068115234,54.4900016784668,57.900001525878906,3538600
2023-04-03,57.040000915527344,57.41999816894531,52.29999923706055,54.65999984741211,3245800
2023-04-10,53.84000015258789,60.02000045776367,52.81999969482422,59.68000030517578,4501000
2023-04-17,59.54999923706055,63.86000061035156,59.150001525878906,60.290000915527344,4538500
2023-04-24,60.27000045776367,60.77000045776367,55.72999954223633,57.25,3904900
2023-05-01,56.599998474121094,59.0,54.060001373291016,56.66999816894531,4798200
2023-05-08,57.33000183105469,61.20000076293945,56.849998474121094,58.45000076293945,3681600
2023-05-15,58.459999084472656,66.23999786376953,58.040000915527344,64.80999755859375,5781400
2023-05-22,64.62999725341797,69.97000122070312,64.25,69.0999984741211,4798800
2023-05-29,70.69999694824219,74.77999877929688,69.05000305175781,72.29000091552734,10604400
2023-06-05,72.68000030517578,73.41999816894531,66.87000274658203,70.68000030517578,8283200
2023-06-12,70.97000122070312,72.30000305175781,66.06999969482422,66.38999938964844,9334600
2023-06-19,65.5199966430664,66.19000244140625,61.58000183105469,62.29999923706055,5477500
2023-06-26,61.72999954223633,66.04000091552734,61.400001525878906,64.12000274658203,4893800
2023-07-03,64.19999694824219,65.23999786376953,61.650001525878906,64.31999969482422,3861900
2023-07-10,64.0999984741211,72.58000183105469,63.88999938964844,69.86000061035156,6072300
2023-07-17,69.08000183105469,70.98999786376953,63.77000045776367,63.86000061035156,6599300
2023-07-24,64.26000213623047,65.7300033569336,62.97999954223633,64.45999908447266,5326600
2023-07-31,66.0,68.19000244140625,60.939998626708984,63.5099983215332,5154900
2023-08-07,63.15999984741211,63.41999816894531,58.22999954223633,59.439998626708984,4039900
2023-08-14,58.81999969482422,63.20000076293945,58.72999954223633,60.02000045776367,5456100
2023-08-21,60.119998931884766,62.0,58.59000015258789,60.029998779296875,3696200
2023-08-28,60.310001373291016,76.26000213623047,57.380001068115234,74.2699966430664,10167500
2023-09-04,73.3499984741211,79.97000122070312,72.02999877929688,77.88999938964844,6384800
2023-09-11,78.01000213623047,80.12999725341797,76.75,78.29000091552734,4903100
2023-09-18,77.38999938964844,80.27999877929688,76.25,79.55999755859375,4299100
2023-09-25,78.75,82.83999633789062,78.29000091552734,81.23999786376953,7351100
2023-10-02,81.2699966430664,82.38999938964844,74.16000366210938,81.01000213623047,8380600
2023-10-09,80.0,83.3499984741211,78.9000015258789,78.97000122070312,5478700
2023-10-16,78.83000183105469,84.04000091552734,77.44999694824219,79.62000274658203,7978200
2023-10-23,78.62000274658203,81.55999755859375,73.9800033569336,75.5,4943300
2023-10-30,76.0,76.97000122070312,70.25,72.33000183105469,8117200
2023-11-06,72.94999694824219,77.06999969482422,69.66000366210938,76.19999694824219,6187900
2023-11-13,76.80000305175781,79.20999908447266,73.19999694824219,75.13999938964844,5073800
2023-11-20,75.38999938964844,78.41000366210938,75.12000274658203,77.44999694824219,3210100
2023-11-27,77.31999969482422,111.75,74.98999786376953,110.19999694824219,18954000
2023-12-04,109.22000122070312,118.23999786376953,107.69999694824219,115.80999755859375,13356900
2023-12-11,115.0,117.93000030517578,111.25,112.7300033569336,7148100
2023-12-18,111.66000366210938,115.31999969482422,109.30000305175781,112.8499984741211,5127700
2023-12-25,113.0,117.38999938964844,111.81999969482422,112.69999694824219,3544100
2024-01-01,111.83000183105469,111.83000183105469,102.80999755859375,104.0999984741211,4528500
2024-01-08,105.11000061035156,114.52999877929688,104.37000274658203,111.94000244140625,5848900
2024-01-15,111.69999694824219,121.62999725341797,110.61000061035156,120.33000183105469,9479400
2024-01-22,122.73999786376953,125.83000183105469,115.76000213623047,117.63999938964844,6901000
2024-01-29,118.30000305175781,125.2300033569336,116.36000061035156,124.5999984741211,5585200
2024-02-05,124.12999725341797,131.7100067138672,119.11000061035156,130.38999938964844,4800000
2024-02-12,129.75,133.58999633789062,117.0,130.27000427246094,6686500
2024-02-19,129.47999572753906,131.47999572753906,117.5999984741211,129.6199951171875,4693700
2024-02-26,130.80999755859375,136.05999755859375,112.4000015258789,117.01000213623047,13341300
2024-03-04,116.69000244140625,117.9000015258789,104.11000061035156,105.7300033569336,10781800
2024-03-11,105.0999984741211,107.18000030517578,100.27999877929688,101.08000183105469,6381000
2024-03-18,100.0,105.23999786376953,99.02999877929688,102.37999725341797,6939500
2024-03-25,100.9800033569336,102.41000366210938,97.9000015258789,100.23999786376953,4128700
2024-04-01,100.08999633789062,101.61000061035156,96.01000213623047,97.44000244140625,4811300
2024-04-08,97.91999816894531,100.56999969482422,96.4000015258789,97.23999786376953,4270800
2024-04-15,96.66000366210938,97.9000015258789,93.33000183105469,96.19000244140625,5522200
2024-04-22,97.01000213623047,108.72000122070312,94.61000061035156,107.43000030517578,6623300
2024-04-29,108.3499984741211,108.41000366210938,102.19999694824219,105.66000366210938,5309700
2024-05-06,105.91000366210938,107.87999725341797,103.43000030517578,106.05000305175781,3606600
2024-05-13,106.6500015258789,111.6500015258789,105.5999984741211,110.08000183105469,4569000
2024-05-20,110.0,111.62000274658203,103.58999633789062,104.94999694824219,4213400
2024-05-27,104.5199966430664,107.0,92.95999908447266,104.05000305175781,10705200
2024-06-03,103.97000122070312,113.7300033569336,98.77999877929688,111.94999694824219,9535100
2024-06-10,111.26000213623047,116.87999725341797,108.5999984741211,114.18000030517578,6236600
2024-06-17,113.91000366210938,114.5,106.75,108.83999633789062,4022400
2024-06-24,107.9800033569336,116.0199966430664,106.95999908447266,113.91000366210938,5486700
2024-07-01,114.30000305175781,117.23999786376953,112.33999633789062,114.87000274658203,3971100
2024-07-08,116.83000183105469,123.58000183105469,111.4000015258789,122.2699966430664,6779300
2024-07-15,123.5,123.95999908447266,110.61000061035156,111.83999633789062,4324400
2024-07-22,112.30000305175781,118.05000305175781,108.55999755859375,112.66999816894531,4617000
2024-07-29,113.4800033569336,114.56999969482422,98.51000213623047,102.12000274658203,6027500
2024-08-05,96.88999938964844,108.08000183105469,96.55999755859375,104.95999908447266,3861600
2024-08-12,105.54000091552734,110.44000244140625,102.43000030517578,108.80999755859375,3793200
2024-08-19,109.19000244140625,111.5199966430664,104.05000305175781,105.66000366210938,3958500
2024-08-26,108.5,110.48999786376953,73.68000030517578,76.19000244140625,16463500
2024-09-02,75.5,77.69000244140625,70.08999633789062,70.13999938964844,12023800
2024-09-09,69.41000366210938,75.86000061035156,69.0,75.23999786376953,8096000
2024-09-16,75.18000030517578,78.48999786376953,74.1500015258789,76.38999938964844,4794500
2024-09-23,76.69000244140625,79.37000274658203,76.02999877929688,77.3499984741211,4196000
2024-09-30,77.0,79.44000244140625,74.13999938964844,79.01000213623047,5826200
2024-10-07,80.0,84.02999877929688,76.29000091552734,83.0,6084600
2024-10-14,85.7699966430664,87.16000366210938,80.93000030517578,81.56999969482422,5581100
2024-10-21,81.47000122070312,82.1500015258789,77.27999877929688,79.3499984741211,4229200
2024-10-28,80.0,83.02999877929688,79.23999786376953,80.83999633789062,3060300
2024-11-04,80.25,87.19999694824219,79.30000305175781,86.94999694824219,3821600
2024-11-11,87.54000091552734,92.5999984741211,85.5,86.31999969482422,6539100
2024-11-18,87.11000061035156,118.18000030517578,84.47000122070312,108.02999877929688,17425900
2024-11-25,114.0,116.2300033569336,108.19999694824219,109.45999908447266,7824800
2024-12-02,109.62999725341797,118.02999877929688,109.11000061035156,110.9800033569336,9217900
2024-12-09,110.0,111.0,102.87000274658203,104.05000305175781,7460300
2024-12-16,103.69000244140625,108.41000366210938,101.13999938964844,103.62999725341797,7479600
2024-12-23,104.08000183105469,104.26000213623047,100.4000015258789,101.5199966430664,3096100
2024-12-30,100.0,101.86000061035156,97.9800033569336,101.4000015258789,4248700
2025-01-06,102.51000213623047,103.05999755859375,96.22000122070312,97.47000122070312,4473300
2025-01-13,96.27999877929688,101.76000213623047,95.11000061035156,100.38999938964844,6246300
2025-01-20,101.04000091552734,107.4000015258789,99.0999984741211,104.36000061035156,4700800
2025-01-27,101.69000244140625,117.55000305175781,100.56999969482422,112.58000183105469,9296500
2025-02-03,108.4800033569336,116.30000305175781,107.66999816894531,112.95999908447266,4503700
2025-02-10,114.70999908447266,118.83999633789062,112.0,113.12999725341797,6143800
2025-02-17,113.13999938964844,115.0999984741211,105.80999755859375,106.37999725341797,3855200
2025-02-24,107.13999938964844,117.48999786376953,100.0,116.36000061035156,10690300
2025-03-03,115.38999938964844,116.0,91.20999908447266,95.0,9335000
2025-03-10,92.20999908447266,101.30999755859375,89.1500015258789,95.0999984741211,12108900
2025-03-17,94.37000274658203,97.23999786376953,91.5199966430664,97.20999908447266,4667300
2025-03-24,98.51000213623047,103.79000091552734,89.76000213623047,91.68000030517578,4630000
2025-03-31,89.66999816894531,93.04000091552734,73.72000122070312,76.13999938964844,9504600
2025-04-07,71.43000030517578,84.8499984741211,70.1500015258789,79.83000183105469,9342200
2025-04-14,82.45999908447266,82.76000213623047,76.58999633789062,77.87000274658203,5573200
2025-04-21,76.83999633789062,84.62999725341797,74.16999816894531,84.22000122070312,11364000
2025-04-28,84.30000305175781,88.5,82.56999969482422,82.91999816894531,9499000
2025-05-05,82.44999694824219,87.12000274658203,81.02999877929688,85.55999755859375,7700300
2025-05-12,89.63999938964844,94.86000061035156,88.61000061035156,92.31999969482422,9797400
2025-05-19,90.5,95.1500015258789,89.7699966430664,92.25,9829500
2025-05-26,93.79000091552734,94.29000091552734,77.0,80.87000274658203,16256400
2025-06-02,80.87000274658203,87.83999633789062,78.69000244140625,86.38999938964844,12512600
2025-06-09,86.91999816894531,87.62000274658203,79.12000274658203,79.38999938964844,9565900
2025-06-16,80.12000274658203,84.55000305175781,79.52999877929688,82.0,8142500
2025-06-23,81.52999877929688,84.66000366210938,79.9800033569336,82.69000244140625,7521900
2025-06-30,83.5,88.80000305175781,82.44999694824219,87.19999694824219,5743400
2025-07-07,86.87000274658203,87.45999908447266,83.0,84.2699966430664,7386300
2025-07-14,83.94000244140625,86.94000244140625,83.27999877929688,86.79000091552734,6051200
2025-07-21,87.0,91.12000274658203,85.61000061035156,89.86000061035156,5187000
2025-07-28,90.61000061035156,90.9800033569336,79.33000183105469,79.58000183105469,5343200
2025-08-04,81.0,82.81999969482422,72.1500015258789,74.51000213623047,9936900
2025-08-11,74.05999755859375,78.22000122070312,72.06999969482422,77.26000213623047,8478000
2025-08-18,77.51000213623047,80.48999786376953,75.5,80.05999755859375,7768400
2025-08-25,79.75,94.44000244140625,77.08000183105469,85.05999755859375,20688900
2025-09-01,83.80000305175781,87.83000183105469,82.69000244140625,86.70999908447266,8698900
2025-09-08,87.79000091552734,92.94999694824219,86.8499984741211,87.54000091552734,11392200
2025-09-15,88.13999938964844,90.48999786376953,85.69999694824219,89.18000030517578,8503000
2025-09-22,88.08999633789062,89.66999816894531,83.87000274658203,85.94999694824219,6031700
2025-09-29,86.45999908447266,89.06999969482422,82.80000305175781,85.58000183105469,6626000
2025-10-06,84.4000015258789,92.95999908447266,79.62999725341797,86.4800033569336,11731200
2025-10-13,87.22000122070312,87.7699966430664,78.9000015258789,81.16000366210938,9857200
2025-10-20,81.47000122070312,90.06999969482422,81.47000122070312,88.19999694824219,6885400
2025-10-27,89.19999694824219,90.69000244140625,85.70999908447266,89.22000122070312,6325400
2025-11-03,89.98999786376953,92.23999786376953,84.83999633789062,90.0199966430664,7661900
2025-11-10,89.98999786376953,96.06999969482422,87.51000213623047,90.83000183105469,7311400
2025-11-17,90.20999908447266,91.08999633789062,68.77999877929688,70.04000091552734,17882000
2025-11-24,70.51000213623047,71.2699966430664,68.0999984741211,70.52999877929688,10383900
2025-12-01,69.4000015258789,75.5,69.4000015258789,74.66999816894531,8740200
2025-12-08,74.5999984741211,79.87000274658203,73.91999816894531,76.30999755859375,10777100
2025-12-15,76.16999816894531,77.91999816894531,73.41000366210938,76.41999816894531,7973500
2025-12-22,76.9000015258789,78.77999877929688,75.80999755859375,76.97000122070312,3013700
2025-12-29,76.37999725341797,77.29000091552734,71.93000030517578,72.55999755859375,3912200
2026-01-05,72.87999725341797,80.66999816894531,72.66000366210938,78.62000274658203,6106600
2026-01-12,78.26000213623047,78.69000244140625,71.22000122070312,71.37999725341797,7714700
2026-01-19,71.0,72.58000183105469,67.97000122070312,71.77999877929688,5104100
2026-01-26,72.08999633789062,76.1500015258789,65.38999938964844,65.93000030517578,8492900
2026-02-02,65.98999786376953,67.02999877929688,56.70000076293945,59.119998931884766,11967600
2026-02-09,60.0,65.4800033569336,57.54999923706055,61.56999969482422,9937500
2026-02-16,61.2599983215332,64.69999694824219,57.83000183105469,58.119998931884766,8932200
2026-02-23,56.72999954223633,62.099998474121094,49.900001525878906,52.06999969482422,21186300
2026-03-02,51.15999984741211,54.97999954223633,50.59000015258789,53.72999954223633,13308300
2026-03-09,52.900001525878906,54.58000183105469,50.630001068115234,51.4900016784668,9677500
2026-03-16,52.869998931884766,56.880001068115234,51.9900016784668,53.310001373291016,16239700
2026-03-23,53.310001373291016,54.209999084472656,47.4900016784668,48.52000045776367,8273800
2026-03-30,49.25,51.540000915527344,48.11000061035156,50.66999816894531,5330800
2026-04-06,50.83000183105469,51.90999984741211,42.04999923706055,43.29999923706055,10233300
2026-04-13,43.66999816894531,49.22999954223633,43.29999923706055,47.560001373291016,8947400
2026-04-20,47.38999938964844,50.279998779296875,44.310001373291016,46.400001525878906,8746000
2026-04-27,46.400001525878906,50.349998474121094,45.31999969482422,48.61000061035156,7439800
2026-05-04,48.709999084472656,53.33000183105469,48.06999969482422,52.25,7227300
2026-05-11,51.41999816894531,52.7400016784668,47.560001373291016,50.599998474121094,10179500
2026-05-18,50.54999923706055,56.29999923706055,50.54999923706055,54.810001373291016,9359100
2026-05-25,53.970001220703125,65.26000213623047,53.119998931884766,64.69999694824219,17343600
2026-06-01,67.06999969482422,68.72000122070312,61.650001525878906,61.790000915527344,13082300
2026-06-08,61.58000183105469,62.599998474121094,58.15999984741211,60.349998474121094,8280000
2026-06-15,61.06999969482422,63.38999938964844,55.900001525878906,58.970001220703125,8896700
2026-06-22,57.97999954223633,60.470001220703125,53.040000915527344,56.2400016784668,12447800
2026-06-29,57.5099983215332,59.790000915527344,56.0099983215332,58.040000915527344,6167900
2026-07-06,57.0,63.970001220703125,56.560001373291016,60.2400016784668,7851400
2026-07-13,61.15999984741211,64.63999938964844,59.459999084472656,61.59000015258789,8721900
2026-07-20,60.61000061035156,63.439998626708984,56.060001373291016,58.68000030517578,7434900
2026-07-27,59.900001525878906,66.05999755859375,59.47999954223633,65.79000091552734,8176900
2026-08-03,67.01000213623047,75.4800033569336,66.47000122070312,75.11000061035156,10953400
2026-08-10,74.02999877929688,77.08000183105469,73.79000091552734,76.31999969482422,2497900
2026-08-11,75.98999786376953,77.37000274658203,75.30999755859375,76.3499984741211,922940
